C,mean_f1,std_f1
0.0001,0.6332981351334641,0.01170330290978641
0.00017782794100389227,0.6454535183649911,0.010618799077571187
0.00031622776601683794,0.6519286514391307,0.012185425779517004
0.0005623413251903491,0.6591183013209656,0.015223083943912483
0.001,0.6645294195901502,0.013901873308314824
0.0017782794100389228,0.6674717001001523,0.01466791342414682
0.0031622776601683794,0.6660636959865046,0.013078353029111065
0.005623413251903491,0.6649542666405861,0.012036200605580681
0.01,0.6633394430629019,0.012417653178506622
