feature,coefficient,abs_coefficient
PageValues,1.4612348892835274,1.4612348892835274
Month_Nov,0.8473419467781246,0.8473419467781246
Month_May,-0.6123316425309665,0.6123316425309665
TrafficType_13,-0.4946939302405104,0.4946939302405104
TrafficType_8,0.4249901917784976,0.4249901917784976
Month_Dec,-0.4191604594339678,0.4191604594339678
Month_Mar,-0.4141753344507623,0.4141753344507623
Month_Jul,0.34414824286710205,0.34414824286710205
Month_Feb,-0.31271960257779075,0.31271960257779075
Browser_6,-0.28452694448401344,0.28452694448401344
TrafficType_10,0.274897830191034,0.274897830191034
TrafficType_1,-0.2734111631474227,0.2734111631474227
Month_Sep,0.2724698515510935,0.2724698515510935
Browser_3,-0.267467612433702,0.267467612433702
ExitRates,-0.2592152413132865,0.2592152413132865
TrafficType_3,-0.2522339006583667,0.2522339006583667
TrafficType_20,0.19929247308309442,0.19929247308309442
BounceRates,-0.19400609086379506,0.19400609086379506
TotalPages,0.19018212854954059,0.19018212854954059
VisitorType_Weekend_New_Visitor_False,0.18858819552906556,0.18858819552906556
Month_Aug,0.1855235789092785,0.1855235789092785
TrafficType_5,0.1769063041187387,0.1769063041187387
Browser_8,0.1717998396125425,0.1717998396125425
VisitorType_Weekend_Returning_Visitor_False,-0.15797081473496197,0.15797081473496197
Month_Oct,0.1473242899831126,0.1473242899831126
Browser_12,0.13683575877326534,0.13683575877326534
TrafficType_11,0.12655487876850358,0.12655487876850358
TrafficType_6,-0.12053701439824825,0.12053701439824825
VisitorType_Returning_Visitor,-0.11872137459573376,0.11872137459573376
OperatingSystems_7,0.11107323963133921,0.11107323963133921
VisitorType_Weekend_New_Visitor_True,-0.10523367670785383,0.10523367670785383
Administrative,-0.10185985305899099,0.10185985305899099
TrafficType_15,-0.10148453113651879,0.10148453113651879
Browser_10,0.09814477536834877,0.09814477536834877
TrafficType_2,0.09777916301852825,0.09777916301852825
Browser_7,-0.09764486652069572,0.09764486652069572
OperatingSystems_3,-0.08790458995555996,0.08790458995555996
VisitorType_New_Visitor,0.08335451882121203,0.08335451882121203
TotalDuration,0.0808448515573384,0.0808448515573384
TrafficType_4,-0.07786163923692647,0.07786163923692647
Browser_4,0.07627655036772023,0.07627655036772023
Browser_13,0.07583636330629309,0.07583636330629309
TrafficType_7,0.07025344265810655,0.07025344265810655
Browser_1,0.06805674249498644,0.06805674249498644
VisitorType_Weekend_Other_True,0.06376834674749787,0.06376834674749787
OperatingSystems_2,0.06133803276667122,0.06133803276667122
OperatingSystems_4,-0.05971472825409552,0.05971472825409552
Browser_5,0.058851310803974106,0.058851310803974106
Informational,0.04752404233400489,0.04752404233400489
SpecialDay,-0.04644927540271127,0.04644927540271127
Month_June,-0.04224265305392755,0.04224265305392755
VisitorType_Weekend_Returning_Visitor_True,0.039249440139231574,0.039249440139231574
OperatingSystems_8,0.03478725636174872,0.03478725636174872
VisitorType_Weekend_Other_False,-0.03222327293169221,0.03222327293169221
VisitorType_Other,0.031545073815805846,0.031545073815805846
OperatingSystems_1,-0.028750047821247175,0.028750047821247175
Informational_Duration,-0.02750652629843977,0.02750652629843977
TrafficType_14,0.02696201216558257,0.02696201216558257
TrafficType_9,-0.026304921277452962,0.026304921277452962
Browser_2,-0.023707470448525208,0.023707470448525208
TrafficType_18,-0.023502164226509952,0.023502164226509952
OperatingSystems_6,-0.021247671845919282,0.021247671845919282
TrafficType_19,-0.02081559470652697,0.02081559470652697
Administrative_Duration,-0.017252730370111772,0.017252730370111772
AvgTimePerPage,-0.016572293537309116,0.016572293537309116
OperatingSystems_5,-0.013403272841640092,0.013403272841640092
Browser_11,-0.013403272841640092,0.013403272841640092
TrafficType_16,-0.009020696230587131,0.009020696230587131
Browser_9,-0.002872955957258258,0.002872955957258258
Weekend_True,-0.0022158898211246053,0.0022158898211246053
Weekend_False,-0.0016058921375892892,0.0016058921375892892
TrafficType_17,-0.001592522481719859,0.001592522481719859
