model,fold,accuracy,precision,recall,f1,roc_auc,pr_auc
Logistic Regression,1,0.8868407578084997,0.6183844011142061,0.7254901960784313,0.6676691729323309,0.9184613736204864,0.6752461144956938
Logistic Regression,2,0.8853046594982079,0.6160458452722063,0.7049180327868853,0.6574923547400612,0.9018004933948751,0.6385153035862196
Logistic Regression,3,0.8873527905785971,0.6217765042979942,0.7114754098360656,0.6636085626911316,0.9204500238739456,0.6913662542592937
Logistic Regression,4,0.9001536098310292,0.6536312849162011,0.7672131147540984,0.7058823529411765,0.9228573133853253,0.6973638661191869
Logistic Regression,5,0.8965163934426229,0.6677524429967426,0.6721311475409836,0.6699346405228758,0.9180526939193964,0.6930808524286689
Gaussian Naive Bayes,1,0.8766001024065541,0.5839793281653747,0.738562091503268,0.6522366522366523,0.890295685163359,0.646333946785728
Gaussian Naive Bayes,2,0.8771121351766513,0.5953079178885631,0.6655737704918033,0.628482972136223,0.8788417157408881,0.6108981192546579
Gaussian Naive Bayes,3,0.8781362007168458,0.5902964959568733,0.7180327868852459,0.6479289940828402,0.9013170459971352,0.6429887061195236
Gaussian Naive Bayes,4,0.8827444956477215,0.6061452513966481,0.7114754098360656,0.6546003016591252,0.8916242240967689,0.6484482564543813
Gaussian Naive Bayes,5,0.8862704918032787,0.6309148264984227,0.6557377049180327,0.6430868167202572,0.8837867160361113,0.6358568519750226
Random Forest,1,0.9062980030721967,0.711340206185567,0.6764705882352942,0.6934673366834171,0.9253306665714252,0.7307407995481535
Random Forest,2,0.894521249359959,0.6774193548387096,0.6196721311475409,0.6472602739726028,0.9281563345535573,0.7413762275838951
Random Forest,3,0.8955453149001537,0.6771929824561403,0.6327868852459017,0.6542372881355932,0.9280339805825242,0.7563329683955146
Random Forest,4,0.9083461341525858,0.725,0.6655737704918033,0.694017094017094,0.9377586344103135,0.7810501059670063
Random Forest,5,0.9077868852459017,0.7450980392156863,0.6229508196721312,0.6785714285714286,0.9283874306986374,0.7438735644207222
Gradient Boosting,1,0.8899129544290835,0.6213333333333333,0.761437908496732,0.684287812041116,0.9295074030421722,0.7258096422881266
Gradient Boosting,2,0.8894009216589862,0.6219178082191781,0.7442622950819672,0.6776119402985075,0.9269327948432277,0.7424194985887619
Gradient Boosting,3,0.8868407578084997,0.6153846153846154,0.7344262295081967,0.6696562032884903,0.931528529364953,0.7512467596156404
Gradient Boosting,4,0.899641577060932,0.6469002695417789,0.7868852459016393,0.7100591715976331,0.9415625497373866,0.7783049006709228
Gradient Boosting,5,0.9042008196721312,0.6798780487804879,0.7311475409836066,0.7045813586097947,0.933743418236834,0.7433638417384291
