feature,importance
PageValues,0.3431623046661788
ExitRates,0.08744843017219156
TotalDuration,0.07757248145837124
TotalPages,0.058633597282038506
AvgTimePerPage,0.05862499639675307
Administrative_Duration,0.048784547263820054
BounceRates,0.04784131613663872
Administrative,0.03678822710110475
Month_Nov,0.02741545267261984
Informational_Duration,0.019379085248565475
Informational,0.014651565851150737
Month_May,0.011034472933434281
TrafficType_2,0.009990777085591037
Month_Mar,0.007334528823773317
Browser_2,0.00731564237984443
OperatingSystems_2,0.00684619773110041
OperatingSystems_3,0.006786992084822991
Month_Dec,0.006537807395340357
SpecialDay,0.00629304024125416
TrafficType_1,0.006288829716186358
VisitorType_Returning_Visitor,0.006272231955877808
TrafficType_3,0.00606010624928807
VisitorType_Weekend_Returning_Visitor_False,0.005730408549038258
VisitorType_New_Visitor,0.005418118474858532
OperatingSystems_1,0.005037803259834901
Browser_1,0.0049179993933835585
Month_Sep,0.004838725248403887
Month_Oct,0.004667079770294401
VisitorType_Weekend_New_Visitor_False,0.004453343088188442
Weekend_True,0.004307700762545187
Browser_4,0.004272568137099802
Month_Jul,0.004182371109284993
Weekend_False,0.004126886589253472
TrafficType_8,0.003861230701539053
VisitorType_Weekend_Returning_Visitor_True,0.003731054762354428
TrafficType_4,0.0035660492388628648
TrafficType_13,0.003408178978858258
Month_Aug,0.0031501443636574363
Browser_5,0.002756773009462965
TrafficType_5,0.002754988940051416
TrafficType_10,0.002699549806274974
TrafficType_6,0.002385445798819373
OperatingSystems_4,0.002314931880616401
TrafficType_20,0.0022281481673424256
TrafficType_11,0.002007794160924365
Month_June,0.0018244916120519954
VisitorType_Weekend_New_Visitor_True,0.001707447620252201
Browser_10,0.0013485103458317123
Browser_6,0.0012980141981773611
Browser_8,0.0010057471225367346
Month_Feb,0.0007465567985664695
Browser_12,0.0005191826169655407
Browser_3,0.0004691363876615598
TrafficType_7,0.0004216637043566466
OperatingSystems_8,0.0003800377899848782
Browser_7,0.00036132672727920656
VisitorType_Weekend_Other_True,0.0003346991601830295
Browser_13,0.0003322124217889125
VisitorType_Other,0.00031924788055138906
VisitorType_Weekend_Other_False,0.0003018858053990075
TrafficType_9,0.00018513066926518755
TrafficType_15,0.0001491396094681806
OperatingSystems_7,0.00013144492961904741
OperatingSystems_6,8.878374215787551e-05
TrafficType_14,6.741558565552775e-05
OperatingSystems_5,4.3810303043478904e-05
TrafficType_19,3.5249433392375685e-05
Browser_11,3.3004659152506975e-05
TrafficType_18,1.3132236203128776e-05
Browser_9,2.8019252698278e-06
TrafficType_16,1.6782907672382023e-09
TrafficType_17,0.0
